table_id,description,column_name,column_type,column_mode,column_description,policy_tag
table_1,"Table 1 with PII and non-PII data",email,STRING,NULLABLE,"Email address","Nullified"
table_1,"Table 1 with PII and non-PII data",credit_card_number,STRING,NULLABLE,"Credit card number (PII)","Credit Card PII Policy"
table_1,"Table 1 with PII and non-PII data",phone_number,STRING,NULLABLE,"Phone number (PII)","Phone PII Policy"
table_1,"Table 1 with PII and non-PII data",user_id,STRING,NULLABLE,"User ID (PII)",""
