table_id,description,column_name,column_type,column_mode,column_description,policy_tag
table_1,"Table with PII and non-PII data","email","STRING","NULLABLE","Email address (PII)","Email PII Policy"
table_1,"Table with PII and non-PII data","credit_card_number","STRING","NULLABLE","Credit card number (PII)","Credit Card Policy"
table_1,"Table with PII and non-PII data","name","STRING","NULLABLE","Gender (non-PII)",""
table_1,"Table with PII and non-PII data","business","INTEGER","NULLABLE","Business (non-PII)",""
table_1,"Table with PII and non-PII data","address","STRING","NULLABLE","Address (PII)","Address Policy"
table2,"","phonenumber","INTEGER","NULLABLE","",""
table2,"","gender","STRING","NULLABLE","",""
table3,"","phonenumber","INTEGER","NULLABLE","",""
table3,"","gender","STRING","NULLABLE","",""